<?xml version="1.0" encoding="UTF-8"?>
<project-private xmlns="http://www.netbeans.org/ns/project-private/1">
    <editor-bookmarks xmlns="http://www.netbeans.org/ns/editor-bookmarks/2" lastBookmarkId="0"/>
    <open-files xmlns="http://www.netbeans.org/ns/projectui-open-files/2">
        <group>
            <file>file:/C:/Users/Sawssen/Documents/NetBeansProjects/Artcom/src/artcom/Artcom.java</file>
            <file>file:/C:/Users/Sawssen/Documents/NetBeansProjects/Artcom/src/entités/weblog.java</file>
            <file>file:/C:/Users/Sawssen/Documents/NetBeansProjects/Artcom/src/services/weblogService.java</file>
            <file>file:/C:/Users/Sawssen/Documents/NetBeansProjects/Artcom/src/controllers/WeblogController.java</file>
            <file>file:/C:/Users/Sawssen/Documents/NetBeansProjects/Artcom/src/views/weblog.fxml</file>
        </group>
    </open-files>
</project-private>
